{
    "train_loss": [
        3.7416968431361144,
        2.5943387317218907,
        2.2549977466264695,
        2.0238670922541697,
        1.8934951434815208,
        1.7566525507157662,
        1.6586962545222064,
        1.577469023474084,
        1.5140912340623778,
        1.361256347065885,
        1.278436254977831,
        1.2469750933324215,
        1.1211167824420343,
        1.1010172398866818,
        1.059194708859741,
        0.9984794918161172,
        0.9921754754045635,
        0.9431571308897192,
        0.9292448951573077,
        0.909806083626173
    ],
    "train_mae": [
        11.764071690198968,
        5.02453974559654,
        3.959688731858563,
        3.4082644308066885,
        3.1236094777475434,
        2.784447391358606,
        2.569362688685042,
        2.429873538673871,
        2.3022073171970536,
        1.891741239563889,
        1.7348828876833353,
        1.6773848233707125,
        1.426071259028428,
        1.3533604026687982,
        1.2925264915921741,
        1.1695868959608542,
        1.1815591749971122,
        1.0681895208775718,
        1.0350507665316522,
        1.0115575946562412
    ],
    "val_loss": [
        3.4969243588654892,
        3.331735613354074,
        3.259098023475213,
        3.269188512527823,
        3.2857202550639277,
        3.2195315297232026,
        3.385776377441891,
        3.2842958882500892,
        3.3479434407275654,
        3.3451552817654053,
        3.438507037019251,
        3.4759662725454987,
        3.544297901683029,
        3.735927911905142,
        3.728342354895678,
        3.8509181514631545,
        3.957100049707802,
        4.0119145060064,
        4.0882784817928455,
        4.07898153549054
    ],
    "val_mae": [
        6.618867560772593,
        5.373322890355037,
        5.777681557231125,
        5.3581024300693265,
        5.2250659724940425,
        4.936600604583587,
        5.426815538103365,
        4.939781512305091,
        4.983351455484345,
        4.633004957218234,
        4.692134846014323,
        4.562618476491309,
        4.44827707954075,
        4.600507711088378,
        4.549105201277844,
        4.476668054842231,
        4.526686139130672,
        4.537015088226484,
        4.515099848193867,
        4.526894176285403
    ]
}